{"cameraMode":{"drawMode":0,"name":"Shaded","section":"Shading Mode"},"sceneLighting":false,"audioPlay":false,"sceneViewState":{"showFog":true,"showMaterialUpdate":false,"showSkybox":true,"showFlares":true,"showImageEffects":true,"showParticleSystems":true},"in2DMode":false,"pivot":{"x":-0.07728338241577149,"y":8.19211483001709,"z":-4.668000221252441},"rotation":{"x":0.039146892726421359,"y":0.08801322430372238,"z":-0.003461554180830717,"w":0.995343804359436},"size":5.342935085296631,"orthographic":false}