{"cameraMode":{"drawMode":0,"name":"Shaded","section":"Shading Mode"},"sceneLighting":true,"audioPlay":false,"sceneViewState":{"showFog":true,"showMaterialUpdate":false,"showSkybox":true,"showFlares":true,"showImageEffects":true,"showParticleSystems":true},"in2DMode":false,"pivot":{"x":-0.9533419609069824,"y":8.519231796264649,"z":-23.199615478515626},"rotation":{"x":0.039146892726421359,"y":0.08801322430372238,"z":-0.003461554180830717,"w":0.995343804359436},"size":10.0,"orthographic":false}