{"cameraMode":{"drawMode":0,"name":"Shaded","section":"Shading Mode"},"sceneLighting":false,"audioPlay":false,"sceneViewState":{"showFog":true,"showMaterialUpdate":false,"showSkybox":true,"showFlares":true,"showImageEffects":true,"showParticleSystems":true},"in2DMode":false,"pivot":{"x":-1.2823213338851929,"y":8.114479064941407,"z":0.7550415992736816},"rotation":{"x":-0.032904427498579028,"y":0.1543920934200287,"z":-0.005144365131855011,"w":-0.9874482154846191},"size":8.039554595947266,"orthographic":false}