{"cameraMode":{"drawMode":0,"name":"Shaded","section":"Shading Mode"},"sceneLighting":true,"audioPlay":false,"sceneViewState":{"showFog":true,"showMaterialUpdate":false,"showSkybox":true,"showFlares":true,"showImageEffects":true,"showParticleSystems":true},"in2DMode":false,"pivot":{"x":-2.0543434619903566,"y":6.035150527954102,"z":24.379417419433595},"rotation":{"x":0.010186295956373215,"y":0.024595290422439576,"z":0.000251011922955513,"w":-0.9996455907821655},"size":33.27277755737305,"orthographic":false}