{"cameraMode":{"drawMode":0,"name":"Shaded","section":"Shading Mode"},"sceneLighting":false,"audioPlay":false,"sceneViewState":{"showFog":true,"showMaterialUpdate":false,"showSkybox":true,"showFlares":true,"showImageEffects":true,"showParticleSystems":true},"in2DMode":false,"pivot":{"x":-2.4741475582122804,"y":5.398078441619873,"z":-1.2931609153747559},"rotation":{"x":0.029934369027614595,"y":0.2801567316055298,"z":0.008741158060729504,"w":-0.9594476222991943},"size":5.783222675323486,"orthographic":false}