{"cameraMode":{"drawMode":0,"name":"Shaded","section":"Shading Mode"},"sceneLighting":true,"audioPlay":false,"sceneViewState":{"showFog":true,"showMaterialUpdate":false,"showSkybox":true,"showFlares":true,"showImageEffects":true,"showParticleSystems":true},"in2DMode":false,"pivot":{"x":31.51076316833496,"y":22.92818260192871,"z":-12.480243682861329},"rotation":{"x":-0.02055874466896057,"y":0.7214810252189636,"z":-0.02144082449376583,"w":-0.6917967796325684},"size":11.735367774963379,"orthographic":false}