{"cameraMode":{"drawMode":0,"name":"Shaded","section":"Shading Mode"},"sceneLighting":true,"audioPlay":false,"sceneViewState":{"showFog":true,"showMaterialUpdate":false,"showSkybox":true,"showFlares":true,"showImageEffects":true,"showParticleSystems":true},"in2DMode":false,"pivot":{"x":-2.500211477279663,"y":37.19410705566406,"z":-29.003694534301759},"rotation":{"x":0.14075380563735963,"y":-0.016351083293557168,"z":0.00232100416906178,"w":0.989906907081604},"size":17.69491195678711,"orthographic":false}