{"cameraMode":{"drawMode":0,"name":"Shaded","section":"Shading Mode"},"sceneLighting":true,"audioPlay":false,"sceneViewState":{"showFog":true,"showMaterialUpdate":false,"showSkybox":true,"showFlares":true,"showImageEffects":true,"showParticleSystems":true},"in2DMode":false,"pivot":{"x":-3.3082995414733888,"y":3.6471915245056154,"z":-16.821426391601564},"rotation":{"x":-0.1839454025030136,"y":0.6378879547119141,"z":-0.1606501191854477,"w":-0.7303797602653503},"size":22.0,"orthographic":false}