{"cameraMode":{"drawMode":0,"name":"Shaded","section":"Shading Mode"},"sceneLighting":false,"audioPlay":false,"sceneViewState":{"showFog":true,"showMaterialUpdate":false,"showSkybox":true,"showFlares":true,"showImageEffects":true,"showParticleSystems":true},"in2DMode":false,"pivot":{"x":-1.554487943649292,"y":7.686224937438965,"z":-4.676953315734863},"rotation":{"x":0.09253870695829392,"y":0.02001098170876503,"z":0.0018600941402837635,"w":-0.9955062866210938},"size":5.342935085296631,"orthographic":false}