{"cameraMode":{"drawMode":0,"name":"Shaded","section":"Shading Mode"},"sceneLighting":true,"audioPlay":false,"sceneViewState":{"showFog":true,"showMaterialUpdate":false,"showSkybox":true,"showFlares":true,"showImageEffects":true,"showParticleSystems":true},"in2DMode":false,"pivot":{"x":-9.594550132751465,"y":5.524604320526123,"z":11.832674026489258},"rotation":{"x":0.04122782126069069,"y":0.09044892340898514,"z":0.0037544709630310537,"w":-0.9950402975082398},"size":22.0,"orthographic":false}