{"cameraMode":{"drawMode":0,"name":"Shaded","section":"Shading Mode"},"sceneLighting":false,"audioPlay":false,"sceneViewState":{"showFog":true,"showMaterialUpdate":false,"showSkybox":true,"showFlares":true,"showImageEffects":true,"showParticleSystems":true},"in2DMode":false,"pivot":{"x":-5.960464477539063e-8,"y":5.0,"z":-2.002624988555908},"rotation":{"x":-0.02862761728465557,"y":-0.19868014752864839,"z":0.005806497298181057,"w":-0.9796289801597595},"size":4.291834354400635,"orthographic":false}