{"cameraMode":{"drawMode":0,"name":"Shaded","section":"Shading Mode"},"sceneLighting":false,"audioPlay":false,"sceneViewState":{"showFog":true,"showMaterialUpdate":false,"showSkybox":true,"showFlares":true,"showImageEffects":true,"showParticleSystems":true},"in2DMode":false,"pivot":{"x":-0.07728338241577149,"y":8.19211483001709,"z":-4.668000221252441},"rotation":{"x":-0.21642591059207917,"y":0.5935484766960144,"z":-0.16984900832176209,"w":-0.7563143968582153},"size":5.342935085296631,"orthographic":false}